"Row","FIPS","GENC","Country/Area Name","Year","Population","Annual Growth Rate %","Rate of Natural Increase","Population Density (People per Sq. Km.)","Crude Birth Rate","Crude Death Rate"
"1","AF","AF","Afghanistan","2019","35739709","2.362","2.397","54.8","37","13.03"
"2","AF","AF","Afghanistan","2020","36594776","2.366","2.376","56.1","36.56","12.8"
"3","AF","AF","Afghanistan","2021","37466414","2.342","2.351","57.4","36.08","12.57"
"4","AF","AF","Afghanistan","2022","38346720","2.304","2.313","58.8","35.46","12.33"
"5","AL","AL","Albania","2019","3072944","0.271","0.596","112.2","13.03","7.07"
"6","AL","AL","Albania","2020","3080930","0.248","0.573","112.5","12.96","7.23"
"7","AL","AL","Albania","2021","3088385","0.235","0.559","112.7","12.86","7.27"
"8","AL","AL","Albania","2022","3095344","0.215","0.538","113","12.69","7.31"
"9","AG","DZ","Algeria","2019","42305560","1.554","1.64","17.8","20.72","4.32"
"10","AG","DZ","Algeria","2020","42952039","1.48","1.565","18","19.98","4.33"
"11","AG","DZ","Algeria","2021","43576691","1.408","1.492","18.3","19.24","4.32"
"12","AG","DZ","Algeria","2022","44178884","1.337","1.42","18.5","18.52","4.32"
"13","AQ","AS","American Samoa","2019","48456","-2.165","1.234","244.7","18.22","5.88"
"14","AQ","AS","American Samoa","2020","47392","-2.277","1.169","239.4","17.58","5.89"
"15","AQ","AS","American Samoa","2021","46366","-2.099","1.119","234.2","17.19","6"
"16","AQ","AS","American Samoa","2022","45443","-1.919","1.06","229.5","16.7","6.1"
"17","AN","AD","Andorra","2019","85782","-0.054","-0.054","183.3","7.11","7.65"
"18","AN","AD","Andorra","2020","85722","-0.084","-0.084","183.2","6.98","7.82"
"19","AN","AD","Andorra","2021","85645","-0.095","-0.095","183","6.91","7.86"
"20","AN","AD","Andorra","2022","85560","-0.104","-0.104","182.8","6.88","7.92"
"21","AO","AO","Angola","2019","31427180","3.449","3.445","25.2","43.17","8.72"
"22","AO","AO","Angola","2020","32521837","3.399","3.419","26.1","42.68","8.49"
"23","AO","AO","Angola","2021","33642646","3.378","3.398","27","42.22","8.24"
"24","AO","AO","Angola","2022","34795287","3.359","3.379","27.9","41.8","8.01"
"25","AV","AI","Anguilla","2019","17730","1.895","0.767","194.8","12.24","4.57"
"26","AV","AI","Anguilla","2020","18066","1.865","0.759","198.5","12.18","4.59"
"27","AV","AI","Anguilla","2021","18403","1.837","0.75","202.2","12.12","4.62"
"28","AV","AI","Anguilla","2022","18741","1.804","0.737","205.9","12.01","4.64"
"29","AC","AG","Antigua and Barbuda","2019","96852","1.196","0.985","218.6","15.48","5.63"
"30","AC","AG","Antigua and Barbuda","2020","98012","1.186","0.978","221.2","15.39","5.61"
"31","AC","AG","Antigua and Barbuda","2021","99175","1.173","0.967","223.9","15.3","5.63"
"32","AC","AG","Antigua and Barbuda","2022","100335","1.154","0.951","226.5","15.16","5.65"
"33","AR","AR","Argentina","2019","45089449","0.872","0.881","16.5","16.24","7.43"
"34","AR","AR","Argentina","2020","45479650","0.852","0.861","16.6","16.02","7.41"
"35","AR","AR","Argentina","2021","45864941","0.835","0.844","16.8","15.8","7.36"
"36","AR","AR","Argentina","2022","46245668","0.818","0.826","16.9","15.58","7.32"
"37","AM","AM","Armenia","2019","3030310","-0.274","0.28","107.4","12.25","9.45"
"38","AM","AM","Armenia","2020","3021483","-0.309","0.239","107.1","11.86","9.47"
"39","AM","AM","Armenia","2021","3011609","-0.345","0.197","106.8","11.45","9.48"
"40","AM","AM","Armenia","2022","3000756","-0.377","0.159","106.4","11.1","9.51"
"41","AA","AW","Aruba","2019","118056","1.228","0.382","655.9","12.21","8.39"
"42","AA","AW","Aruba","2020","119496","1.197","0.36","663.9","12.08","8.48"
"43","AA","AW","Aruba","2021","120917","1.168","0.341","671.8","11.95","8.54"
"44","AA","AW","Aruba","2022","122320","1.138","0.32","679.6","11.82","8.62"
"45","AS","AU","Australia","2019","25113987","1.433","0.567","3.3","12.4","6.73"
"46","AS","AU","Australia","2020","25467706","1.365","0.558","3.3","12.38","6.8"
"47","AS","AU","Australia","2021","25809973","1.306","0.557","3.4","12.35","6.78"
"48","AS","AU","Australia","2022","26141369","1.246","0.553","3.4","12.3","6.77"
"49","AU","AT","Austria","2019","8825644","0.371","-0.025","107","9.52","9.77"
"50","AU","AT","Austria","2020","8856348","0.323","-0.034","107.4","9.51","9.85"
"51","AU","AT","Austria","2021","8884864","0.32","-0.037","107.8","9.48","9.85"
"52","AU","AT","Austria","2022","8913088","0.315","-0.04","108.1","9.45","9.85"
"53","AJ","AZ","Azerbaijan","2019","10129069","0.791","0.791","122.6","14.86","6.95"
"54","AJ","AZ","Azerbaijan","2020","10207465","0.751","0.751","123.5","14.45","6.94"
"55","AJ","AZ","Azerbaijan","2021","10282283","0.71","0.71","124.4","14.03","6.93"
"56","AJ","AZ","Azerbaijan","2022","10353296","0.667","0.667","125.3","13.59","6.92"
"57","BF","BS","Bahamas, The","2019","346623","0.878","0.878","34.6","15.08","6.3"
"58","BF","BS","Bahamas, The","2020","349655","0.865","0.865","34.9","14.93","6.28"
"59","BF","BS","Bahamas, The","2021","352655","0.844","0.844","35.2","14.78","6.34"
"60","BF","BS","Bahamas, The","2022","355608","0.823","0.823","35.5","14.64","6.41"
"61","BA","BH","Bahrain","2019","1473724","2.112","1.005","1939.1","12.83","2.78"
"62","BA","BH","Bahrain","2020","1504665","2.044","0.981","1979.8","12.62","2.81"
"63","BA","BH","Bahrain","2021","1526929","0.902","0.969","2009.1","12.5","2.81"
"64","BA","BH","Bahrain","2022","1540558","0.875","0.958","2027","12.4","2.82"
"65","BG","BD","Bangladesh","2019","160947649","0.992","1.291","1236.4","18.3","5.39"
"66","BG","BD","Bangladesh","2020","162532538","0.968","1.264","1248.6","18.06","5.42"
"67","BG","BD","Bangladesh","2021","164098818","0.95","1.244","1260.7","17.88","5.44"
"68","BG","BD","Bangladesh","2022","165650475","0.932","1.222","1272.6","17.69","5.47"
"69","BB","BB","Barbados","2019","300082","0.316","0.345","697.9","11.22","7.77"
"70","BB","BB","Barbados","2020","301001","0.296","0.325","700","11.1","7.85"
"71","BB","BB","Barbados","2021","301865","0.277","0.306","702","10.96","7.9"
"72","BB","BB","Barbados","2022","302674","0.258","0.287","703.9","10.83","7.96"
"73","BO","BY","Belarus","2019","9494495","-0.264","-0.335","46.8","9.78","13.13"
"74","BO","BY","Belarus","2020","9468822","-0.278","-0.349","46.7","9.55","13.04"
"75","BO","BY","Belarus","2021","9441842","-0.293","-0.364","46.5","9.32","12.96"
"76","BO","BY","Belarus","2022","9413505","-0.308","-0.38","46.4","9.08","12.88"
"77","BE","BE","Belgium","2019","11635321","0.638","0.139","384.3","11.19","9.8"
"78","BE","BE","Belgium","2020","11708235","0.612","0.133","386.7","11.11","9.78"
"79","BE","BE","Belgium","2021","11778842","0.591","0.132","389","11.03","9.71"
"80","BE","BE","Belgium","2022","11847338","0.569","0.131","391.3","10.95","9.64"
"81","BH","BZ","Belize","2019","392106","1.742","1.824","17.2","22.38","4.14"
"82","BH","BZ","Belize","2020","398890","1.688","1.788","17.5","21.94","4.06"
"83","BH","BZ","Belize","2021","405633","1.665","1.763","17.8","21.62","3.99"
"84","BH","BZ","Belize","2022","412387","1.638","1.734","18.1","21.28","3.94"
"85","BN","BJ","Benin","2019","12432985","3.394","3.368","112.4","42.3","8.62"
"86","BN","BJ","Benin","2020","12861152","3.377","3.35","116.3","41.92","8.42"
"87","BN","BJ","Benin","2021","13301694","3.359","3.334","120.2","41.55","8.21"
"88","BN","BJ","Benin","2022","13754688","3.339","3.314","124.3","41.15","8.01"
"89","BD","BM","Bermuda","2019","71537","0.404","0.239","1324.8","11.18","8.79"
"90","BD","BM","Bermuda","2020","71818","0.379","0.219","1330","11.14","8.95"
"91","BD","BM","Bermuda","2021","72084","0.361","0.207","1334.9","11.1","9.03"
"92","BD","BM","Bermuda","2022","72337","0.341","0.192","1339.6","11.03","9.11"
"93","BT","BT","Bhutan","2019","842110","1.051","1.051","21.9","16.69","6.18"
"94","BT","BT","Bhutan","2020","850853","1.015","1.015","22.2","16.44","6.29"
"95","BT","BT","Bhutan","2021","859364","0.976","0.976","22.4","16.16","6.4"
"96","BT","BT","Bhutan","2022","867775","0.972","0.972","22.6","15.94","6.22"
"97","BL","BO","Bolivia","2019","11620835","1.419","1.471","10.7","20.34","5.63"
"98","BL","BO","Bolivia","2020","11775350","1.224","1.323","10.9","19.66","6.43"
"99","BL","BO","Bolivia","2021","11917267","1.172","1.271","11","19.14","6.43"
"100","BL","BO","Bolivia","2022","12054379","1.116","1.213","11.1","18.61","6.48"
"101","BK","BA","Bosnia and Herzegovina","2019","3840279","-0.189","-0.151","75","8.68","10.19"
"102","BK","BA","Bosnia and Herzegovina","2020","3832751","-0.204","-0.166","74.9","8.59","10.25"
"103","BK","BA","Bosnia and Herzegovina","2021","3824782","-0.213","-0.175","74.7","8.5","10.25"
"104","BK","BA","Bosnia and Herzegovina","2022","3816459","-0.223","-0.185","74.6","8.41","10.26"
"105","BC","BW","Botswana","2019","2282973","1.491","1.198","4","21.31","9.33"
"106","BC","BW","Botswana","2020","2316910","1.46","1.171","4.1","20.92","9.21"
"107","BC","BW","Botswana","2021","2350667","1.433","1.148","4.1","20.6","9.12"
"108","BC","BW","Botswana","2022","2384246","1.404","1.123","4.2","20.28","9.05"
"109","BR","BR","Brazil","2019","213349354","0.781","0.767","25.5","14.05","6.38"
"110","BR","BR","Brazil","2020","214752313","0.53","0.536","25.7","12.61","7.25"
"111","BR","BR","Brazil","2021","215903281","0.539","0.551","25.8","12.52","7.01"
"112","BR","BR","Brazil","2022","217240060","0.695","0.715","26","13.96","6.81"
"113","BX","BN","Brunei","2019","457173","1.528","1.3","86.8","16.65","3.65"
"114","BX","BN","Brunei","2020","464145","1.499","1.274","88.2","16.45","3.71"
"115","BX","BN","Brunei","2021","471103","1.477","1.255","89.5","16.3","3.75"
"116","BX","BN","Brunei","2022","478054","1.453","1.235","90.8","16.14","3.79"
"117","BU","BG","Bulgaria","2019","7011475","-0.65","-0.622","64.6","8.4","14.62"
"118","BU","BG","Bulgaria","2020","6965462","-0.667","-0.638","64.2","8.27","14.65"
"119","BU","BG","Bulgaria","2021","6919180","-0.666","-0.637","63.8","8.15","14.52"
"120","BU","BG","Bulgaria","2022","6873253","-0.665","-0.636","63.4","8.05","14.41"
"121","UV","BF","Burkina Faso","2019","20286336","2.692","2.758","74.1","35.98","8.4"
"122","UV","BF","Burkina Faso","2020","20833136","2.628","2.692","76.1","35.07","8.15"
"123","UV","BF","Burkina Faso","2021","21382659","2.579","2.642","78.1","34.34","7.92"
"124","UV","BF","Burkina Faso","2022","21935389","2.525","2.586","80.1","33.57","7.71"
"125","BM","MM","Burma","2019","56117594","0.868","1.012","85.9","17.33","7.21"
"126","BM","MM","Burma","2020","56599075","0.841","0.98","86.6","16.95","7.15"
"127","BM","MM","Burma","2021","57069099","0.813","0.951","87.3","16.65","7.14"
"128","BM","MM","Burma","2022","57526449","0.784","0.921","88","16.34","7.13"
"129","BY","BI","Burundi","2019","11519643","2.709","2.976","448.6","36.08","6.32"
"130","BY","BI","Burundi","2020","11845890","2.874","2.959","461.3","35.78","6.19"
"131","BY","BI","Burundi","2021","12241065","3.675","2.941","476.7","35.48","6.07"
"132","BY","BI","Burundi","2022","12696478","3.63","2.921","494.4","35.17","5.96"
"133","CV","CV","Cabo Verde","2019","574799","1.287","1.347","142.5","19.39","5.92"
"134","CV","CV","Cabo Verde","2020","582153","1.256","1.315","144.3","19.04","5.89"
"135","CV","CV","Cabo Verde","2021","589451","1.235","1.294","146.2","18.78","5.84"
"136","CV","CV","Cabo Verde","2022","596707","1.212","1.269","148","18.49","5.8"
"137","CB","KH","Cambodia","2019","16129716","1.357","1.597","91.4","21.66","5.69"
"138","CB","KH","Cambodia","2020","16337185","1.2","1.476","92.6","20.51","5.75"
"139","CB","KH","Cambodia","2021","16528811","1.133","1.406","93.6","19.88","5.82"
"140","CB","KH","Cambodia","2022","16713015","1.084","1.353","94.7","19.29","5.76"
"141","CM","CM","Cameroon","2019","26983060","2.776","2.809","57.1","36.48","8.39"
"142","CM","CM","Cameroon","2020","27743599","2.783","2.816","58.7","36.29","8.13"
"143","CM","CM","Cameroon","2021","28524175","2.766","2.798","60.3","35.91","7.93"
"144","CM","CM","Cameroon","2022","29321637","2.748","2.78","62","35.53","7.73"
"145","CA","CA","Canada","2019","37350365","0.811","0.237","4.1","10.25","7.88"
"146","CA","CA","Canada","2020","37649603","0.785","0.22","4.1","10.24","8.04"
"147","CA","CA","Canada","2021","37943231","0.769","0.213","4.2","10.21","8.08"
"148","CA","CA","Canada","2022","38232593","0.751","0.205","4.2","10.17","8.12"
"149","CJ","KY","Cayman Islands","2019","60770","1.947","0.617","230.2","11.9","5.73"
"150","CJ","KY","Cayman Islands","2020","61952","1.905","0.6","234.7","11.83","5.83"
"151","CJ","KY","Cayman Islands","2021","63131","1.868","0.588","239.1","11.77","5.89"
"152","CJ","KY","Cayman Islands","2022","64309","1.829","0.572","243.6","11.69","5.97"
"153","CT","CF","Central African Republic","2019","5168685","1.803","2.143","8.3","34.06","12.63"
"154","CT","CF","Central African Republic","2020","5262642","1.8","2.134","8.4","33.62","12.28"
"155","CT","CF","Central African Republic","2021","5357984","1.791","2.119","8.6","33.2","12.01"
"156","CT","CF","Central African Republic","2022","5454533","1.781","2.103","8.8","32.79","11.76"
"157","CD","TD","Chad","2019","16348657","3.192","3.206","13","42.3","10.24"
"158","CD","TD","Chad","2020","16875954","3.156","3.17","13.4","41.67","9.97"
"159","CD","TD","Chad","2021","17414108","3.122","3.135","13.8","41.05","9.7"
"160","CD","TD","Chad","2022","17963211","3.087","3.1","14.3","40.45","9.45"
"161","CI","CL","Chile","2019","18053934","0.722","0.689","24.3","13.22","6.33"
"162","CI","CL","Chile","2020","18182486","0.697","0.664","24.4","13.06","6.42"
"163","CI","CL","Chile","2021","18307925","0.678","0.645","24.6","12.92","6.47"
"164","CI","CL","Chile","2022","18430408","0.656","0.623","24.8","12.75","6.52"
"165","CH","CN","China","2019","1400797713","0.322","0.335","150.2","10.55","7.2"
"166","CH","CN","China","2020","1404031889","0.14","0.14","150.5","8.84","7.44"
"167","CH","CN","China","2021","1407098834","0.296","0.296","150.9","10.62","7.66"
"168","CH","CN","China","2022","1410539758","0.192","0.203","151.2","9.93","7.9"
"169","CO","CO","Colombia","2019","47829703","1.707","1.024","46","15.64","5.4"
"170","CO","CO","Colombia","2020","48419737","0.751","0.909","46.6","15.49","6.4"
"171","CO","CO","Colombia","2021","48757939","0.642","0.773","46.9","15.35","7.62"
"172","CO","CO","Colombia","2022","49059221","0.59","0.748","47.2","15.21","7.73"
"173","CN","KM","Comoros","2019","839591","1.513","1.748","375.7","24.27","6.79"
"174","CN","KM","Comoros","2020","852094","1.444","1.676","381.3","23.45","6.69"
"175","CN","KM","Comoros","2021","864335","1.409","1.637","386.7","22.98","6.61"
"176","CN","KM","Comoros","2022","876437","1.372","1.597","392.1","22.52","6.55"
"177","CF","CG","Congo (Brazzaville)","2019","5174423","2.229","2.41","15.2","33.06","8.96"
"178","CF","CG","Congo (Brazzaville)","2020","5292798","2.294","2.382","15.5","32.56","8.74"
"179","CF","CG","Congo (Brazzaville)","2021","5417414","2.359","2.36","15.9","32.15","8.55"
"180","CF","CG","Congo (Brazzaville)","2022","5546307","2.343","2.344","16.2","31.82","8.38"
"181","CG","CD","Congo (Kinshasa)","2019","98580816","3.188","3.283","43.5","41.45","8.62"
"182","CG","CD","Congo (Kinshasa)","2020","101768560","3.177","3.264","44.9","41.01","8.37"
"183","CG","CD","Congo (Kinshasa)","2021","105044646","3.16","3.238","46.3","40.53","8.15"
"184","CG","CD","Congo (Kinshasa)","2022","108407721","3.143","3.214","47.8","40.08","7.94"
"185","CW","CK","Cook Islands","2019","8763","-2.636","0.457","37.1","13.24","8.67"
"186","CW","CK","Cook Islands","2020","8539","-2.553","0.422","36.2","13","8.78"
"187","CW","CK","Cook Islands","2021","8327","-2.462","0.396","35.3","12.85","8.89"
"188","CW","CK","Cook Islands","2022","8128","-2.387","0.345","34.4","12.55","9.1"
"189","CS","CR","Costa Rica","2019","5041601","1.106","1.026","98.7","15.02","4.76"
"190","CS","CR","Costa Rica","2020","5096857","1.075","0.996","99.8","14.78","4.82"
"191","CS","CR","Costa Rica","2021","5151140","1.044","0.967","100.9","14.53","4.86"
"192","CS","CR","Costa Rica","2022","5204411","1.014","0.937","101.9","14.28","4.91"
"193","HR","HR","Croatia","2019","4250505","-0.494","-0.373","75.9","8.81","12.54"
"194","HR","HR","Croatia","2020","4229585","-0.493","-0.394","75.6","8.74","12.68"
"195","HR","HR","Croatia","2021","4208973","-0.484","-0.41","75.2","8.68","12.78"
"196","HR","HR","Croatia","2022","4188853","-0.474","-0.423","74.8","8.65","12.88"
"197","CU","CU","Cuba","2019","11086499","-0.258","0.151","101","10.51","9"
"198","CU","CU","Cuba","2020","11058573","-0.246","0.125","100.7","10.39","9.14"
"199","CU","CU","Cuba","2021","11032343","-0.229","0.103","100.5","10.25","9.22"
"200","CU","CU","Cuba","2022","11008112","-0.211","0.082","100.2","10.11","9.29"
"201","UC","CW","Curaçao","2019","150827","0.371","0.504","339.7","13.55","8.51"
"202","UC","CW","Curaçao","2020","151370","0.347","0.479","340.9","13.4","8.61"
"203","UC","CW","Curaçao","2021","151885","0.332","0.464","342.1","13.29","8.65"
"204","UC","CW","Curaçao","2022","152379","0.318","0.449","343.2","13.2","8.71"
"205","CY","CY","Cyprus","2019","1252725","1.222","0.425","135.6","11.05","6.8"
"206","CY","CY","Cyprus","2020","1267376","1.166","0.404","137.1","10.91","6.87"
"207","CY","CY","Cyprus","2021","1281506","1.114","0.386","138.7","10.76","6.9"
"208","CY","CY","Cyprus","2022","1295102","1.059","0.363","140.1","10.57","6.94"
"209","EZ","CZ","Czechia","2019","10691502","0.072","-0.16","138.4","9.05","10.65"
"210","EZ","CZ","Czechia","2020","10698037","0.05","-0.182","138.5","8.9","10.72"
"211","EZ","CZ","Czechia","2021","10702596","0.035","-0.197","138.6","8.75","10.72"
"212","EZ","CZ","Czechia","2022","10705384","0.017","-0.215","138.6","8.59","10.74"
"213","IV","CI","Côte d'Ivoire","2019","26858174","2.268","2.141","84.5","29.56","8.15"
"214","IV","CI","Côte d'Ivoire","2020","27470185","2.238","2.115","86.4","29.07","7.92"
"215","IV","CI","Côte d'Ivoire","2021","28088455","2.213","2.092","88.3","28.67","7.75"
"216","IV","CI","Côte d'Ivoire","2022","28713423","2.188","2.07","90.3","28.3","7.6"
"217","DA","DK","Denmark","2019","5841245","0.51","0.161","137.7","11.01","9.4"
"218","DA","DK","Denmark","2020","5868927","0.435","0.161","138.3","11.1","9.49"
"219","DA","DK","Denmark","2021","5894687","0.44","0.167","138.9","11.17","9.5"
"220","DA","DK","Denmark","2022","5920767","0.442","0.17","139.5","11.22","9.52"
"221","DJ","DJ","Djibouti","2019","900897","2.079","1.555","38.9","22.84","7.29"
"222","DJ","DJ","Djibouti","2020","919627","2.037","1.534","39.7","22.55","7.21"
"223","DJ","DJ","Djibouti","2021","938413","2.008","1.526","40.5","22.43","7.17"
"224","DJ","DJ","Djibouti","2022","957273","1.972","1.513","41.3","22.25","7.12"
"225","DO","DM","Dominica","2019","74442","0.122","0.655","99.1","14.66","8.11"
"226","DO","DM","Dominica","2020","74522","0.094","0.625","99.2","14.41","8.16"
"227","DO","DM","Dominica","2021","74584","0.071","0.602","99.3","14.16","8.14"
"228","DO","DM","Dominica","2022","74629","0.05","0.58","99.4","13.91","8.11"
"229","DR","DO","Dominican Republic","2019","10399252","0.967","1.235","215.2","18.66","6.31"
"230","DR","DO","Dominican Republic","2020","10498946","0.942","1.215","217.3","18.43","6.28"
"231","DR","DO","Dominican Republic","2021","10597348","0.924","1.195","219.3","18.24","6.29"
"232","DR","DO","Dominican Republic","2022","10694700","0.905","1.174","221.3","18.03","6.29"
"233","EC","EC","Ecuador","2019","16693091","1.216","1.216","60.3","17.28","5.12"
"234","EC","EC","Ecuador","2020","16894461","1.182","1.183","61","16.97","5.14"
"235","EC","EC","Ecuador","2021","17093159","1.156","1.156","61.7","16.71","5.15"
"236","EC","EC","Ecuador","2022","17289554","1.129","1.128","62.5","16.45","5.17"
"237","EG","EG","Egypt","2019","101973865","2.039","2.067","102.4","25.09","4.42"
"238","EG","EG","Egypt","2020","103994537","1.887","1.921","104.5","23.58","4.37"
"239","EG","EG","Egypt","2021","105919663","1.783","1.815","106.4","22.49","4.34"
"240","EG","EG","Egypt","2022","107770524","1.683","1.714","108.3","21.46","4.32"
"241","ES","SV","El Salvador","2019","6427299","0.877","1.288","310.2","18.79","5.91"
"242","ES","SV","El Salvador","2020","6480810","0.781","1.265","312.8","18.57","5.92"
"243","ES","SV","El Salvador","2021","6528135","0.674","1.231","315","18.22","5.91"
"244","ES","SV","El Salvador","2022","6568745","0.566","1.196","317","17.87","5.91"
"245","EK","GQ","Equatorial Guinea","2019","1501535","3.973","2.245","53.5","31.57","9.12"
"246","EK","GQ","Equatorial Guinea","2020","1561062","3.805","2.196","55.7","31.02","9.06"
"247","EK","GQ","Equatorial Guinea","2021","1620289","3.645","2.147","57.8","30.47","9"
"248","EK","GQ","Equatorial Guinea","2022","1679172","3.496","2.1","59.9","29.95","8.95"
"249","ER","ER","Eritrea","2019","6032338","0.918","2.153","59.7","28.51","6.98"
"250","ER","ER","Eritrea","2020","6088682","0.942","2.1","60.3","27.9","6.9"
"251","ER","ER","Eritrea","2021","6147398","0.978","2.062","60.9","27.41","6.79"
"252","ER","ER","Eritrea","2022","6209262","1.025","2.035","61.5","27.04","6.69"
"253","EN","EE","Estonia","2019","1236253","-0.63","-0.333","29.2","9.6","12.93"
"254","EN","EE","Estonia","2020","1228296","-0.661","-0.37","29","9.32","13.02"
"255","EN","EE","Estonia","2021","1220042","-0.688","-0.403","28.8","9.03","13.06"
"256","EN","EE","Estonia","2022","1211524","-0.714","-0.435","28.6","8.75","13.1"
"257","WZ","SZ","Eswatini","2019","1095839","0.812","1.458","63.7","24.98","10.4"
"258","WZ","SZ","Eswatini","2020","1104638","0.787","1.423","64.2","24.35","10.12"
"259","WZ","SZ","Eswatini","2021","1113276","0.77","1.397","64.7","23.87","9.9"
"260","WZ","SZ","Eswatini","2022","1121761","0.748","1.364","65.2","23.35","9.71"
"261","ET","ET","Ethiopia","2019","105376083","2.576","2.597","96.1","32.05","6.08"
"262","ET","ET","Ethiopia","2020","108108470","2.544","2.564","98.6","31.56","5.92"
"263","ET","ET","Ethiopia","2021","110871031","2.503","2.523","101.1","31.03","5.8"
"264","ET","ET","Ethiopia","2022","113656596","2.46","2.479","103.6","30.49","5.7"
"265","FO","FO","Faroe Islands","2019","51313","0.598","0.598","36.8","14.69","8.71"
"266","FO","FO","Faroe Islands","2020","51624","0.612","0.612","37.1","14.84","8.72"
"267","FO","FO","Faroe Islands","2021","51943","0.624","0.624","37.3","14.92","8.68"
"268","FO","FO","Faroe Islands","2022","52269","0.631","0.631","37.5","14.94","8.63"
"269","FJ","FJ","Fiji","2019","930476","0.519","1.151","50.9","17.7","6.19"
"270","FJ","FJ","Fiji","2020","935139","0.481","1.101","51.2","17.26","6.25"
"271","FJ","FJ","Fiji","2021","939535","0.457","1.059","51.4","16.9","6.31"
"272","FJ","FJ","Fiji","2022","943737","0.435","1.019","51.6","16.56","6.37"
"273","FI","FI","Finland","2019","5556081","0.306","0.039","18.3","10.6","10.21"
"274","FI","FI","Finland","2020","5572355","0.279","0.023","18.3","10.55","10.32"
"275","FI","FI","Finland","2021","5587442","0.262","0.016","18.4","10.49","10.33"
"276","FI","FI","Finland","2022","5601547","0.243","0.007","18.4","10.42","10.35"
"277","FR","FR","France","2019","67625957","0.35","0.242","105.6","11.97","9.55"
"278","FR","FR","France","2020","67858873","0.333","0.226","106","11.89","9.63"
"279","FR","FR","France","2021","68084217","0.325","0.219","106.3","11.77","9.58"
"280","FR","FR","France","2022","68305148","0.318","0.212","106.7","11.66","9.54"
"281","FP","PF","French Polynesia","2019","292560","0.81","0.882","76.4","14.16","5.34"
"282","FP","PF","French Polynesia","2020","294891","0.777","0.846","77.1","13.9","5.44"
"283","FP","PF","French Polynesia","2021","297154","0.752","0.818","77.6","13.69","5.51"
"284","FP","PF","French Polynesia","2022","299356","0.725","0.788","78.2","13.47","5.59"
"285","GB","GA","Gabon","2019","2175439","2.564","2.026","8.4","26.28","6.02"
"286","GB","GA","Gabon","2020","2230332","2.421","2.036","8.7","26.21","5.85"
"287","GB","GA","Gabon","2021","2284912","2.414","2.038","8.9","26.14","5.76"
"288","GB","GA","Gabon","2022","2340613","2.403","2.036","9.1","26.03","5.67"
"289","GA","GM","Gambia, The","2019","2246630","2.483","2.488","222","31.02","6.14"
"290","GA","GM","Gambia, The","2020","2302355","2.417","2.422","227.5","30.24","6.02"
"291","GA","GM","Gambia, The","2021","2357958","2.356","2.36","233","29.51","5.91"
"292","GA","GM","Gambia, The","2022","2413403","2.293","2.297","238.5","28.78","5.81"
"293","GZ","XG","Gaza Strip","2019","1876812","2.16","2.645","5213.4","29.46","3.01"
"294","GZ","XG","Gaza Strip","2020","1917031","2.081","2.556","5325.1","28.53","2.97"
"295","GZ","XG","Gaza Strip","2021","1957062","2.052","2.516","5436.3","28.1","2.94"
"296","GZ","XG","Gaza Strip","2022","1997328","2.021","2.476","5548.1","27.67","2.91"
"297","GG","GE","Georgia","2019","4927734","0.045","0.095","70.7","11.83","10.88"
"298","GG","GE","Georgia","2020","4930665","0.074","0.068","70.7","11.56","10.88"
"299","GG","GE","Georgia","2021","4933674","0.048","0.042","70.8","11.26","10.84"
"300","GG","GE","Georgia","2022","4935518","0.026","0.02","70.8","11","10.8"
"301","GM","DE","Germany","2019","84486950","0.13","-0.237","242.3","9.21","11.58"
"302","GM","DE","Germany","2020","84498245","-0.103","-0.28","242.3","9.19","11.99"
"303","GM","DE","Germany","2021","84409193","-0.107","-0.285","242.1","9.14","11.99"
"304","GM","DE","Germany","2022","84316622","-0.112","-0.29","241.8","9.08","11.98"
"305","GH","GH","Ghana","2019","30918261","2.338","2.344","135.9","30.1","6.66"
"306","GH","GH","Ghana","2020","31643281","2.298","2.315","139.1","29.62","6.47"
"307","GH","GH","Ghana","2021","32372889","2.261","2.278","142.3","29.08","6.3"
"308","GH","GH","Ghana","2022","33107275","2.225","2.241","145.5","28.55","6.14"
"309","GI","GI","Gibraltar","2019","29400","0.207","0.534","4200","14.01","8.67"
"310","GI","GI","Gibraltar","2020","29459","0.193","0.519","4208.4","14.02","8.83"
"311","GI","GI","Gibraltar","2021","29516","0.193","0.518","4216.6","13.99","8.81"
"312","GI","GI","Gibraltar","2022","29573","0.193","0.517","4224.7","13.93","8.76"
"313","GR","GR","Greece","2019","10638236","-0.301","-0.392","81.4","7.97","11.89"
"314","GR","GR","Greece","2020","10604841","-0.327","-0.42","81.2","7.84","12.04"
"315","GR","GR","Greece","2021","10569703","-0.336","-0.433","80.9","7.72","12.05"
"316","GR","GR","Greece","2022","10533871","-0.343","-0.443","80.6","7.61","12.04"
"317","GL","GL","Greenland","2019","57787","0.024","0.544","0","14.16","8.72"
"318","GL","GL","Greenland","2020","57797","0.012","0.526","0","14.03","8.77"
"319","GL","GL","Greenland","2021","57799","-0.007","0.5","0","13.88","8.88"
"320","GL","GL","Greenland","2022","57792","-0.017","0.483","0","13.79","8.96"
"321","GJ","GD","Grenada","2019","112735","0.394","0.667","327.7","14.88","8.21"
"322","GJ","GD","Grenada","2020","113165","0.368","0.631","329","14.58","8.27"
"323","GJ","GD","Grenada","2021","113570","0.346","0.598","330.1","14.27","8.29"
"324","GJ","GD","Grenada","2022","113949","0.32","0.563","331.2","13.94","8.31"
"325","GQ","GU","Guam","2019","168149","0.212","1.315","309.1","19.11","5.96"
"326","GQ","GU","Guam","2020","168489","0.192","1.291","309.7","18.87","5.96"
"327","GQ","GU","Guam","2021","168801","0.18","1.277","310.3","18.76","5.99"
"328","GQ","GU","Guam","2022","169086","0.157","1.253","310.8","18.56","6.03"
"329","GT","GT","Guatemala","2019","16856499","1.683","1.889","157.3","23.9","5.01"
"330","GT","GT","Guatemala","2020","17140193","1.655","1.826","160","23.23","4.97"
"331","GT","GT","Guatemala","2021","17422821","1.617","1.785","162.6","22.79","4.94"
"332","GT","GT","Guatemala","2022","17703190","1.577","1.743","165.2","22.34","4.91"
"333","GK","GG","Guernsey","2019","67003","0.264","0.068","859","9.78","9.1"
"334","GK","GG","Guernsey","2020","67173","0.243","0.055","861.2","9.78","9.23"
"335","GK","GG","Guernsey","2021","67334","0.238","0.058","863.3","9.77","9.19"
"336","GK","GG","Guernsey","2022","67491","0.228","0.058","865.3","9.75","9.17"
"337","GV","GN","Guinea","2019","12186302","2.757","2.756","49.6","36.21","8.65"
"338","GV","GN","Guinea","2020","12527271","2.762","2.762","51","36.06","8.44"
"339","GV","GN","Guinea","2021","12877894","2.758","2.758","52.4","35.86","8.28"
"340","GV","GN","Guinea","2022","13237832","2.755","2.755","53.9","35.67","8.12"
"341","PU","GW","Guinea-Bissau","2019","1879337","2.496","2.888","66.8","37.05","8.17"
"342","PU","GW","Guinea-Bissau","2020","1927022","2.515","2.896","68.5","36.84","7.88"
"343","PU","GW","Guinea-Bissau","2021","1976187","2.524","2.895","70.3","36.64","7.69"
"344","PU","GW","Guinea-Bissau","2022","2026778","2.532","2.895","72.1","36.45","7.5"
"345","GY","GY","Guyana","2019","785685","0.105","0.973","4","16.49","6.76"
"346","GY","GY","Guyana","2020","786653","0.141","0.967","4","16.5","6.83"
"347","GY","GY","Guyana","2021","787971","0.194","0.977","4","16.64","6.87"
"348","GY","GY","Guyana","2022","789683","0.24","0.981","4","16.72","6.91"
"349","HA","HT","Haiti","2019","10923591","1.271","1.466","396.4","22.08","7.42"
"350","HA","HT","Haiti","2020","11061439","1.238","1.43","401.4","21.65","7.35"
"351","HA","HT","Haiti","2021","11198240","1.221","1.411","406.3","21.4","7.29"
"352","HA","HT","Haiti","2022","11334637","1.201","1.389","411.3","21.12","7.23"
"353","HO","HN","Honduras","2019","9116618","1.276","1.437","81.5","19.03","4.66"
"354","HO","HN","Honduras","2020","9232097","1.242","1.379","82.5","18.46","4.67"
"355","HO","HN","Honduras","2021","9346277","1.217","1.352","83.5","18.19","4.67"
"356","HO","HN","Honduras","2022","9459440","1.19","1.324","84.5","17.92","4.68"
"357","HK","HK","Hong Kong","2019","7231217","0.251","0.085","6739.3","8.58","7.73"
"358","HK","HK","Hong Kong","2020","7248206","0.219","0.053","6755.1","8.41","7.88"
"359","HK","HK","Hong Kong","2021","7263234","0.196","0.031","6769.1","8.23","7.92"
"360","HK","HK","Hong Kong","2022","7276588","0.172","0.006","6781.5","8.04","7.98"
"361","HU","HU","Hungary","2019","9783707","-0.275","-0.401","109.2","8.86","12.87"
"362","HU","HU","Hungary","2020","9756400","-0.284","-0.409","108.9","8.79","12.88"
"363","HU","HU","Hungary","2021","9728337","-0.292","-0.416","108.6","8.72","12.88"
"364","HU","HU","Hungary","2022","9699577","-0.3","-0.423","108.2","8.65","12.88"
"365","IC","IS","Iceland","2019","347209","1.043","0.692","3.5","13.42","6.5"
"366","IC","IS","Iceland","2020","350773","0.999","0.669","3.5","13.26","6.57"
"367","IC","IS","Iceland","2021","354234","0.965","0.656","3.5","13.12","6.56"
"368","IC","IS","Iceland","2022","357603","0.929","0.64","3.6","12.96","6.56"
"369","IN","IN","India","2019","1355597153","1.038","1.057","455.9","17.13","6.56"
"370","IN","IN","India","2020","1369541070","1.009","0.97","460.6","17.1","7.4"
"371","IN","IN","India","2021","1380721926","0.618","0.598","464.4","17.09","11.11"
"372","IN","IN","India","2022","1389637446","0.669","0.652","467.4","16.82","10.3"
"373","ID","ID","Indonesia","2019","270532675","0.87","0.949","149.3","16.23","6.74"
"374","ID","ID","Indonesia","2020","272856400","0.841","0.914","150.6","15.87","6.73"
"375","ID","ID","Indonesia","2021","275122131","0.813","0.885","151.9","15.59","6.74"
"376","ID","ID","Indonesia","2022","277329163","0.785","0.857","153.1","15.32","6.75"
"377","IR","IR","Iran","2019","84038757","1.146","1.171","54.9","16.84","5.13"
"378","IR","IR","Iran","2020","84982541","1.088","1.119","55.5","16.32","5.13"
"379","IR","IR","Iran","2021","85888910","1.034","1.064","56.1","15.78","5.14"
"380","IR","IR","Iran","2022","86758304","0.981","1.01","56.6","15.27","5.17"
"381","IZ","IQ","Iraq","2019","37998273","2.199","2.235","86.9","26.33","3.98"
"382","IZ","IQ","Iraq","2020","38828885","2.126","2.178","88.8","25.73","3.95"
"383","IZ","IQ","Iraq","2021","39650145","2.061","2.129","90.7","25.21","3.92"
"384","IZ","IQ","Iraq","2022","40462701","1.997","2.08","92.5","24.7","3.9"
"385","EI","IE","Ireland","2019","5120458","1.053","0.662","74.3","13.29","6.67"
"386","EI","IE","Ireland","2020","5173463","1.007","0.621","75.1","12.93","6.72"
"387","EI","IE","Ireland","2021","5224884","0.971","0.588","75.9","12.6","6.72"
"388","EI","IE","Ireland","2022","5275004","0.939","0.559","76.6","12.32","6.73"
"389","IM","IM","Isle of Man","2019","89840","0.618","0.067","157.1","10.87","10.2"
"390","IM","IM","Isle of Man","2020","90381","0.583","0.059","158","10.8","10.21"
"391","IM","IM","Isle of Man","2021","90895","0.551","0.05","158.9","10.69","10.19"
"392","IM","IM","Isle of Man","2022","91382","0.517","0.04","159.8","10.58","10.18"
"393","IS","IL","Israel","2019","8533033","1.483","1.272","396.9","17.81","5.09"
"394","IS","IL","Israel","2020","8659792","1.466","1.258","402.8","17.65","5.07"
"395","IS","IL","Israel","2021","8787045","1.451","1.246","408.8","17.52","5.06"
"396","IS","IL","Israel","2022","8914885","1.438","1.236","414.7","17.41","5.05"
"397","IT","IT","Italy","2019","61449057","-0.099","-0.348","208.9","6.84","10.32"
"398","IT","IT","Italy","2020","61337765","-0.263","-0.53","208.5","6.86","12.16"
"399","IT","IT","Italy","2021","61196793","-0.197","-0.482","208.1","6.9","11.72"
"400","IT","IT","Italy","2022","61095551","-0.134","-0.436","207.7","6.95","11.31"
"401","JM","JM","Jamaica","2019","2813989","0.028","0.882","259.8","16.3","7.48"
"402","JM","JM","Jamaica","2020","2815048","0.047","0.873","259.9","16.15","7.42"
"403","JM","JM","Jamaica","2021","2816602","0.063","0.861","260.1","16.03","7.42"
"404","JM","JM","Jamaica","2022","2818596","0.078","0.848","260.2","15.91","7.43"
"405","JA","JP","Japan","2019","125555208","-0.321","-0.396","344.5","7.13","11.09"
"406","JA","JP","Japan","2020","125135727","-0.348","-0.423","343.3","7.06","11.29"
"407","JA","JP","Japan","2021","124687293","-0.37","-0.444","342.1","7","11.44"
"408","JA","JP","Japan","2022","124214766","-0.39","-0.464","340.8","6.95","11.59"
"409","JE","JE","Jersey","2019","100066","0.726","0.466","862.6","12.4","7.74"
"410","JE","JE","Jersey","2020","100782","0.701","0.468","868.8","12.45","7.77"
"411","JE","JE","Jersey","2021","101476","0.673","0.47","874.8","12.46","7.76"
"412","JE","JE","Jersey","2022","102146","0.642","0.466","880.6","12.41","7.75"
"413","JO","JO","Jordan","2019","10669125","1.985","1.985","120.1","23.27","3.42"
"414","JO","JO","Jordan","2020","10819966","0.831","1.956","121.8","22.99","3.43"
"415","JO","JO","Jordan","2021","10909567","0.819","1.935","122.9","22.79","3.44"
"416","JO","JO","Jordan","2022","10998531","0.806","1.913","123.9","22.58","3.45"
"417","KZ","KZ","Kazakhstan","2019","18915907","0.92","0.88","7","16.92","8.12"
"418","KZ","KZ","Kazakhstan","2020","19085226","0.863","0.823","7.1","16.37","8.14"
"419","KZ","KZ","Kazakhstan","2021","19245793","0.813","0.773","7.1","15.87","8.14"
"420","KZ","KZ","Kazakhstan","2022","19398331","0.766","0.727","7.2","15.38","8.11"
"421","KE","KE","Kenya","2019","52348464","2.222","2.243","92","27.72","5.29"
"422","KE","KE","Kenya","2020","53513653","2.181","2.201","94","27.19","5.18"
"423","KE","KE","Kenya","2021","54685051","2.15","2.169","96.1","26.78","5.09"
"424","KE","KE","Kenya","2022","55864655","2.119","2.138","98.2","26.39","5.01"
"425","KR","KI","Kiribati","2019","110622","1.085","1.366","136.4","20.66","7"
"426","KR","KI","Kiribati","2020","111814","1.06","1.34","137.9","20.37","6.97"
"427","KR","KI","Kiribati","2021","113001","1.052","1.333","139.3","20.27","6.94"
"428","KR","KI","Kiribati","2022","114189","1.04","1.32","140.8","20.12","6.92"
"429","KN","KP","Korea, North","2019","25568868","0.522","0.526","212.4","14.5","9.24"
"430","KN","KP","Korea, North","2020","25701731","0.514","0.519","213.5","14.45","9.26"
"431","KN","KP","Korea, North","2021","25831360","0.492","0.496","214.5","14.35","9.39"
"432","KN","KP","Korea, North","2022","25955138","0.464","0.468","215.6","14.21","9.53"
"433","KS","KR","Korea, South","2019","51439350","0.259","-0.01","530.7","6.45","6.55"
"434","KS","KR","Korea, South","2020","51577174","0.276","0.009","532.2","6.89","6.8"
"435","KS","KR","Korea, South","2021","51715162","0.258","-0.007","533.6","6.89","6.96"
"436","KS","KR","Korea, South","2022","51844834","0.242","-0.02","534.9","6.92","7.12"
"437","KV","XK","Kosovo","2019","1919978","0.674","0.891","176.4","15.72","6.81"
"438","KV","XK","Kosovo","2020","1931888","0.564","0.744","177.4","15.42","7.98"
"439","KV","XK","Kosovo","2021","1942251","0.506","0.65","178.4","15.14","8.64"
"440","KV","XK","Kosovo","2022","1952701","0.567","0.673","179.4","14.85","8.12"
"441","KU","KW","Kuwait","2019","2957304","1.311","1.622","166","18.42","2.2"
"442","KU","KW","Kuwait","2020","2995271","1.24","1.581","168.1","18.03","2.22"
"443","KU","KW","Kuwait","2021","3032065","1.201","1.567","170.2","17.9","2.23"
"444","KU","KW","Kuwait","2022","3068155","1.165","1.553","172.2","17.78","2.25"
"445","KG","KG","Kyrgyzstan","2019","5906824","0.98","1.48","30.8","21.11","6.31"
"446","KG","KG","Kyrgyzstan","2020","5963777","0.94","1.436","31.1","20.6","6.24"
"447","KG","KG","Kyrgyzstan","2021","6018789","0.897","1.388","31.4","20.06","6.18"
"448","KG","KG","Kyrgyzstan","2022","6071750","0.855","1.342","31.7","19.54","6.12"
"449","LA","LA","Laos","2019","7430770","1.487","1.631","32.2","22.68","6.37"
"450","LA","LA","Laos","2020","7539569","1.42","1.555","32.7","21.98","6.43"
"451","LA","LA","Laos","2021","7645472","1.37","1.496","33.1","21.45","6.49"
"452","LA","LA","Laos","2022","7749595","1.336","1.453","33.6","20.9","6.37"
"453","LG","LV","Latvia","2019","1903750","-1.082","-0.522","30.6","9.4","14.62"
"454","LG","LV","Latvia","2020","1883186","-1.09","-0.545","30.3","9.19","14.64"
"455","LG","LV","Latvia","2021","1862687","-1.099","-0.567","29.9","8.96","14.63"
"456","LG","LV","Latvia","2022","1842226","-1.111","-0.592","29.6","8.73","14.65"
"457","LE","LB","Lebanon","2019","5841037","-5.389","0.866","571","13.87","5.21"
"458","LE","LB","Lebanon","2020","5463514","-8.058","0.818","534.1","13.62","5.44"
"459","LE","LB","Lebanon","2021","5261372","0.683","0.778","514.3","13.35","5.57"
"460","LE","LB","Lebanon","2022","5296814","0.659","0.753","517.8","13.1","5.57"
"461","LT","LS","Lesotho","2019","2146942","0.713","1.152","70.7","23.71","12.19"
"462","LT","LS","Lesotho","2020","2162195","0.703","1.165","71.2","23.44","11.79"
"463","LT","LS","Lesotho","2021","2177740","0.73","1.189","71.7","23.3","11.41"
"464","LT","LS","Lesotho","2022","2193970","0.755","1.21","72.3","23.15","11.05"
"465","LI","LR","Liberia","2019","4937555","2.668","3.045","51.3","37.62","7.17"
"466","LI","LR","Liberia","2020","5073054","2.745","3.034","52.7","37.29","6.95"
"467","LI","LR","Liberia","2021","5214030","2.737","3.018","54.1","36.96","6.78"
"468","LI","LR","Liberia","2022","5358483","2.728","3.002","55.6","36.64","6.62"
"469","LY","LY","Libya","2019","6757971","2.009","2.029","3.8","23.79","3.5"
"470","LY","LY","Libya","2020","6890637","1.88","1.948","3.9","22.95","3.47"
"471","LY","LY","Libya","2021","7017224","1.762","1.877","4","22.23","3.46"
"472","LY","LY","Libya","2022","7137931","1.65","1.811","4.1","21.56","3.45"
"473","LS","LI","Liechtenstein","2019","38845","0.757","0.265","242.8","10.35","7.7"
"474","LS","LI","Liechtenstein","2020","39137","0.738","0.251","244.6","10.35","7.84"
"475","LS","LI","Liechtenstein","2021","39425","0.731","0.246","246.4","10.35","7.89"
"476","LS","LI","Liechtenstein","2022","39711","0.715","0.234","248.2","10.32","7.98"
"477","LH","LT","Lithuania","2019","2768295","-1.033","-0.516","44.2","9.72","14.88"
"478","LH","LT","Lithuania","2020","2739816","-1.035","-0.54","43.7","9.57","14.97"
"479","LH","LT","Lithuania","2021","2711566","-1.038","-0.563","43.3","9.42","15.05"
"480","LH","LT","Lithuania","2022","2683546","-1.04","-0.586","42.8","9.26","15.12"
"481","LU","LU","Luxembourg","2019","617419","1.833","0.432","238.8","11.59","7.27"
"482","LU","LU","Luxembourg","2020","628615","1.761","0.429","243.1","11.61","7.32"
"483","LU","LU","Luxembourg","2021","639589","1.701","0.436","247.3","11.62","7.26"
"484","LU","LU","Luxembourg","2022","650364","1.641","0.44","251.5","11.61","7.21"
"485","MC","MO","Macau","2019","620014","0.865","0.543","22143.4","9.86","4.43"
"486","MC","MO","Macau","2020","625295","0.831","0.512","22332","9.69","4.57"
"487","MC","MO","Macau","2021","630396","0.794","0.477","22514.1","9.41","4.64"
"488","MC","MO","Macau","2022","635293","0.754","0.439","22689","9.11","4.72"
"489","MA","MG","Madagascar","2019","26265521","2.406","2.406","45.2","30.34","6.28"
"490","MA","MG","Madagascar","2020","26898646","2.358","2.358","46.3","29.76","6.18"
"491","MA","MG","Madagascar","2021","27534354","2.314","2.313","47.3","29.22","6.09"
"492","MA","MG","Madagascar","2022","28172462","2.269","2.268","48.4","28.68","6"
"493","MI","MW","Malawi","2019","19337320","2.513","2.523","205.5","30.08","4.85"
"494","MI","MW","Malawi","2020","19822929","2.448","2.448","210.7","29.23","4.75"
"495","MI","MW","Malawi","2021","20308502","2.393","2.393","215.9","28.59","4.66"
"496","MI","MW","Malawi","2022","20794353","2.336","2.336","221","27.94","4.58"
"497","MY","MY","Malaysia","2019","32800591","1.127","0.975","99.8","15.21","5.46"
"498","MY","MY","Malaysia","2020","33164013","1.077","0.926","100.9","14.89","5.63"
"499","MY","MY","Malaysia","2021","33519406","1.055","0.906","102","14.72","5.66"
"500","MY","MY","Malaysia","2022","33871431","1.034","0.886","103.1","14.55","5.69"
"501","MV","MV","Maldives","2019","391483","-0.09","1.184","1313.7","15.87","4.03"
"502","MV","MV","Maldives","2020","391104","-0.104","1.171","1312.4","15.79","4.08"
"503","MV","MV","Maldives","2021","390669","-0.119","1.157","1311","15.69","4.12"
"504","MV","MV","Maldives","2022","390164","-0.139","1.139","1309.3","15.54","4.15"
"505","ML","ML","Mali","2019","18985385","2.962","3.348","15.6","42.75","9.27"
"506","ML","ML","Mali","2020","19552681","2.927","3.313","16","42.14","9.01"
"507","ML","ML","Mali","2021","20137527","2.967","3.283","16.5","41.6","8.77"
"508","ML","ML","Mali","2022","20741769","2.946","3.254","17","41.07","8.53"
"509","MT","MT","Malta","2019","453321","0.908","0.192","1434.6","9.99","8.07"
"510","MT","MT","Malta","2020","457270","0.826","0.167","1447.1","9.93","8.26"
"511","MT","MT","Malta","2021","460891","0.751","0.147","1458.5","9.84","8.37"
"512","MT","MT","Malta","2022","464186","0.674","0.125","1468.9","9.73","8.48"
"513","RM","MH","Marshall Islands","2019","76632","1.462","1.917","423.4","23.4","4.23"
"514","RM","MH","Marshall Islands","2020","77741","1.412","1.862","429.5","22.86","4.24"
"515","RM","MH","Marshall Islands","2021","78831","1.374","1.817","435.5","22.42","4.25"
"516","RM","MH","Marshall Islands","2022","79906","1.335","1.772","441.5","22","4.28"
"517","MR","MR","Mauritania","2019","3915212","2.087","2.164","3.8","29.42","7.78"
"518","MR","MR","Mauritania","2020","3997059","2.051","2.127","3.9","28.93","7.66"
"519","MR","MR","Mauritania","2021","4079284","2.021","2.095","4","28.49","7.54"
"520","MR","MR","Mauritania","2022","4161925","1.99","2.063","4","28.06","7.43"
"521","MP","MU","Mauritius","2019","1303751","0.117","0.188","642.2","9.94","8.06"
"522","MP","MU","Mauritius","2020","1305308","0.122","0.122","643","9.92","8.7"
"523","MP","MU","Mauritius","2021","1306837","0.112","0.112","643.8","9.9","8.78"
"524","MP","MU","Mauritius","2022","1308222","0.1","0.1","644.4","9.86","8.86"
"525","MX","MX","Mexico","2019","127294489","0.903","0.976","65.5","15.47","5.71"
"526","MX","MX","Mexico","2020","128092570","0.349","0.422","65.9","12.7","8.48"
"527","MX","MX","Mexico","2021","128569498","0.395","0.469","66.1","13.13","8.44"
"528","MX","MX","Mexico","2022","129150971","0.508","0.584","66.4","13.55","7.71"
"529","FM","FM","Micronesia, Federated States of","2019","102937","-0.583","1.506","146.6","19.24","4.18"
"530","FM","FM","Micronesia, Federated States of","2020","102320","-0.62","1.47","145.8","18.88","4.18"
"531","FM","FM","Micronesia, Federated States of","2021","101675","-0.643","1.447","144.8","18.65","4.18"
"532","FM","FM","Micronesia, Federated States of","2022","101009","-0.67","1.42","143.9","18.39","4.19"
"533","MD","MD","Moldova","2019","3396460","-1.067","-0.152","103.3","10.98","12.5"
"534","MD","MD","Moldova","2020","3360212","-1.079","-0.174","102.2","10.71","12.45"
"535","MD","MD","Moldova","2021","3323875","-1.096","-0.201","101.1","10.45","12.46"
"536","MD","MD","Moldova","2022","3287326","-1.115","-0.228","99.9","10.19","12.47"
"537","MN","MC","Monaco","2019","30929","0.411","-0.33","15464.5","6.63","9.93"
"538","MN","MC","Monaco","2020","31066","0.473","-0.357","15533","6.63","10.2"
"539","MN","MC","Monaco","2021","31223","0.532","-0.384","15611.5","6.63","10.47"
"540","MN","MC","Monaco","2022","31400","0.599","-0.404","15700","6.66","10.7"
"541","MG","MN","Mongolia","2019","3136806","1.045","1.125","2","17.52","6.27"
"542","MG","MN","Mongolia","2020","3168648","0.975","1.055","2","16.82","6.27"
"543","MG","MN","Mongolia","2021","3198913","0.926","1.004","2.1","16.32","6.28"
"544","MG","MN","Mongolia","2022","3227863","0.876","0.954","2.1","15.84","6.3"
"545","MJ","ME","Montenegro","2019","612064","-0.363","0.128","45.5","11.69","10.41"
"546","MJ","ME","Montenegro","2020","609786","-0.383","0.11","45.3","11.51","10.41"
"547","MJ","ME","Montenegro","2021","607414","-0.397","0.098","45.2","11.35","10.37"
"548","MJ","ME","Montenegro","2022","604966","-0.411","0.086","45","11.19","10.33"
"549","MH","MS","Montserrat","2019","5331","0.544","0.544","52.3","11.44","6"
"550","MH","MS","Montserrat","2020","5359","0.522","0.523","52.5","11.2","5.97"
"551","MH","MS","Montserrat","2021","5387","0.52","0.52","52.8","11.14","5.94"
"552","MH","MS","Montserrat","2022","5414","0.499","0.499","53.1","10.9","5.91"
"553","MO","MA","Morocco","2019","35701589","1.004","1.181","49.8","18.4","6.59"
"554","MO","MA","Morocco","2020","36055311","0.968","1.145","50.3","18.04","6.59"
"555","MO","MA","Morocco","2021","36400581","0.938","1.114","50.8","17.73","6.59"
"556","MO","MA","Morocco","2022","36738229","0.908","1.082","51.3","17.42","6.6"
"557","MZ","MZ","Mozambique","2019","29320964","2.628","2.789","37.3","39.22","11.33"
"558","MZ","MZ","Mozambique","2020","30097734","2.601","2.767","38.3","38.62","10.95"
"559","MZ","MZ","Mozambique","2021","30888034","2.583","2.744","39.3","38.03","10.59"
"560","MZ","MZ","Mozambique","2022","31693239","2.564","2.722","40.3","37.47","10.25"
"561","WA","NA","Namibia","2019","2581343","1.873","1.874","3.1","26.22","7.48"
"562","WA","NA","Namibia","2020","2629632","1.834","1.834","3.2","25.65","7.31"
"563","WA","NA","Namibia","2021","2678191","1.826","1.826","3.3","25.33","7.07"
"564","WA","NA","Namibia","2022","2727409","1.816","1.816","3.3","25.01","6.85"
"565","NR","NR","Nauru","2019","9684","0.465","1.652","461.1","22.61","6.09"
"566","NR","NR","Nauru","2020","9728","0.432","1.573","463.2","21.9","6.17"
"567","NR","NR","Nauru","2021","9770","0.42","1.525","465.2","21.49","6.24"
"568","NR","NR","Nauru","2022","9811","0.418","1.478","467.2","21.1","6.32"
"569","NP","NP","Nepal","2019","29910522","0.924","1.29","208.7","18.48","5.58"
"570","NP","NP","Nepal","2020","30175326","0.839","1.243","210.5","18.01","5.58"
"571","NP","NP","Nepal","2021","30424878","0.808","1.221","212.2","17.78","5.57"
"572","NP","NP","Nepal","2022","30666598","0.775","1.195","213.9","17.53","5.58"
"573","NL","NL","Netherlands","2019","17210116","0.375","0.182","507.8","10.93","9.11"
"574","NL","NL","Netherlands","2020","17274001","0.366","0.175","509.7","10.96","9.21"
"575","NL","NL","Netherlands","2021","17337403","0.366","0.176","511.5","10.98","9.22"
"576","NL","NL","Netherlands","2022","17400824","0.364","0.175","513.4","10.99","9.24"
"577","NC","NC","New Caledonia","2019","286430","1.265","0.885","15.7","14.59","5.74"
"578","NC","NC","New Caledonia","2020","290033","1.235","0.86","15.9","14.41","5.81"
"579","NC","NC","New Caledonia","2021","293608","1.215","0.844","16.1","14.28","5.84"
"580","NC","NC","New Caledonia","2022","297160","1.191","0.825","16.3","14.13","5.88"
"581","NZ","NZ","New Zealand","2019","4854803","1.499","0.589","18.4","12.82","6.93"
"582","NZ","NZ","New Zealand","2020","4925334","1.387","0.589","18.6","12.84","6.95"
"583","NZ","NZ","New Zealand","2021","4991442","1.28","0.592","18.9","12.83","6.91"
"584","NZ","NZ","New Zealand","2022","5053004","1.172","0.589","19.1","12.78","6.89"
"585","NU","NI","Nicaragua","2019","6128101","0.949","1.199","51.1","17.12","5.13"
"586","NU","NI","Nicaragua","2020","6186056","0.934","1.173","51.6","16.87","5.14"
"587","NU","NI","Nicaragua","2021","6243931","0.928","1.155","52","16.71","5.16"
"588","NU","NI","Nicaragua","2022","6301880","0.919","1.135","52.5","16.52","5.17"
"589","NG","NE","Niger","2019","21944198","3.649","3.721","17.3","47.76","10.55"
"590","NG","NE","Niger","2020","22759615","3.647","3.716","18","47.48","10.32"
"591","NG","NE","Niger","2021","23605767","3.652","3.719","18.6","47.28","10.09"
"592","NG","NE","Niger","2022","24484587","3.657","3.721","19.3","47.08","9.87"
"593","NI","NG","Nigeria","2019","208640307","2.533","2.554","229.1","34.88","9.34"
"594","NI","NG","Nigeria","2020","213986428","2.527","2.549","235","34.58","9.09"
"595","NI","NG","Nigeria","2021","219463862","2.528","2.549","241","34.38","8.89"
"596","NI","NG","Nigeria","2022","225082083","2.528","2.549","247.1","34.19","8.7"
"597","MK","MK","North Macedonia","2019","2122376","0.157","0.102","83.4","10.69","9.67"
"598","MK","MK","North Macedonia","2020","2125463","0.134","0.096","83.6","10.63","9.67"
"599","MK","MK","North Macedonia","2021","2128262","0.129","0.09","83.7","10.55","9.65"
"600","MK","MK","North Macedonia","2022","2130936","0.122","0.084","83.8","10.45","9.61"
"601","CQ","MP","Northern Mariana Islands","2019","52048","-0.378","0.999","110.3","14.99","5"
"602","CQ","MP","Northern Mariana Islands","2020","51851","-0.378","0.991","109.9","15.06","5.15"
"603","CQ","MP","Northern Mariana Islands","2021","51659","-0.364","1.003","109.4","15.31","5.28"
"604","CQ","MP","Northern Mariana Islands","2022","51475","-0.354","1.006","109.1","15.5","5.44"
"605","NO","NO","Norway","2019","5419620","0.875","0.414","17.8","12.2","8.06"
"606","NO","NO","Norway","2020","5465387","0.807","0.409","18","12.16","8.07"
"607","NO","NO","Norway","2021","5509591","0.804","0.408","18.1","12.09","8.01"
"608","NO","NO","Norway","2022","5553840","0.796","0.404","18.3","12","7.96"
"609","MU","OM","Oman","2019","3554839","1.967","2.009","11.5","23.38","3.29"
"610","MU","OM","Oman","2020","3624823","1.933","1.976","11.7","23.04","3.28"
"611","MU","OM","Oman","2021","3694755","1.889","1.933","11.9","22.58","3.25"
"612","MU","OM","Oman","2022","3764348","1.843","1.888","12.2","22.11","3.23"
"613","PK","PK","Pakistan","2019","228674451","2.082","2.164","296.6","27.94","6.3"
"614","PK","PK","Pakistan","2020","233431156","2.036","2.122","302.8","27.42","6.2"
"615","PK","PK","Pakistan","2021","238181034","1.993","2.085","309","26.95","6.1"
"616","PK","PK","Pakistan","2022","242923845","1.95","2.046","315.1","26.48","6.02"
"617","PS","PW","Palau","2019","21453","0.364","0.317","46.7","11.23","8.06"
"618","PS","PW","Palau","2020","21532","0.367","0.325","46.9","11.33","8.08"
"619","PS","PW","Palau","2021","21613","0.379","0.328","47.1","11.47","8.19"
"620","PS","PW","Palau","2022","21695","0.387","0.327","47.3","11.52","8.25"
"621","PM","PA","Panama","2019","4139538","2.09","1.378","55.7","18.84","5.06"
"622","PM","PA","Panama","2020","4210487","1.315","1.259","56.6","18.55","5.96"
"623","PM","PA","Panama","2021","4271368","1.554","1.19","57.5","18.26","6.36"
"624","PM","PA","Panama","2022","4337768","1.531","1.188","58.4","17.99","6.11"
"625","PP","PG","Papua New Guinea","2019","8924209","2.472","2.473","19.7","30.5","5.77"
"626","PP","PG","Papua New Guinea","2020","9145715","2.432","2.431","20.2","30","5.69"
"627","PP","PG","Papua New Guinea","2021","9368881","2.39","2.391","20.7","29.52","5.61"
"628","PP","PG","Papua New Guinea","2022","9593498","2.348","2.349","21.2","29.03","5.54"
"629","PA","PY","Paraguay","2019","7105476","1.172","1.18","17.9","16.57","4.77"
"630","PA","PY","Paraguay","2020","7188930","1.163","1.169","18.1","16.51","4.82"
"631","PA","PY","Paraguay","2021","7272639","1.153","1.159","18.3","16.43","4.84"
"632","PA","PY","Paraguay","2022","7356409","1.138","1.145","18.5","16.32","4.87"
"633","PE","PE","Peru","2019","31452824","1.615","1.262","24.6","18.09","5.47"
"634","PE","PE","Peru","2020","31867270","1.007","0.684","24.9","17.72","10.88"
"635","PE","PE","Peru","2021","32110270","0.514","0.576","25.1","17.47","11.71"
"636","PE","PE","Peru","2022","32275736","0.514","0.589","25.2","17.21","11.32"
"637","RP","PH","Philippines","2019","108205565","1.582","1.567","362.9","21.48","5.81"
"638","RP","PH","Philippines","2020","110461801","2.536","2.176","370.5","27.75","5.99"
"639","RP","PH","Philippines","2021","112771402","1.612","1.582","378.2","22.38","6.56"
"640","RP","PH","Philippines","2022","114597229","1.6","1.587","384.3","22.28","6.41"
"641","PL","PL","Poland","2019","38345891","-0.185","-0.149","126","9.07","10.56"
"642","PL","PL","Poland","2020","38270292","-0.21","-0.177","125.8","8.88","10.65"
"643","PL","PL","Poland","2021","38185913","-0.232","-0.199","125.5","8.69","10.68"
"644","PL","PL","Poland","2022","38093101","-0.255","-0.221","125.2","8.5","10.71"
"645","PO","PT","Portugal","2019","10314630","-0.262","-0.266","112.8","8.13","10.79"
"646","PO","PT","Portugal","2020","10288283","-0.25","-0.283","112.5","8.07","10.9"
"647","PO","PT","Portugal","2021","10263850","-0.226","-0.288","112.2","8.02","10.9"
"648","PO","PT","Portugal","2022","10242081","-0.199","-0.29","112","8","10.9"
"649","RQ","PR","Puerto Rico","2019","3241261","-1.617","-0.111","365.5","7.93","9.04"
"650","RQ","PR","Puerto Rico","2020","3190410","-1.545","-0.139","359.7","7.92","9.31"
"651","RQ","PR","Puerto Rico","2021","3142779","-1.463","-0.163","354.4","7.9","9.53"
"652","RQ","PR","Puerto Rico","2022","3098423","-1.379","-0.189","349.4","7.87","9.76"
"653","QA","QA","Qatar","2019","2409287","1.683","0.811","207.9","9.53","1.42"
"654","QA","QA","Qatar","2020","2447179","1.44","0.802","211.2","9.45","1.43"
"655","QA","QA","Qatar","2021","2479995","1.226","0.796","214.1","9.38","1.42"
"656","QA","QA","Qatar","2022","2508182","1.035","0.791","216.5","9.33","1.42"
"657","RO","RO","Romania","2019","19196073","-1.043","-0.373","83.5","9.8","13.53"
"658","RO","RO","Romania","2020","18986068","-1.158","-0.625","82.6","9.41","15.66"
"659","RO","RO","Romania","2021","18748356","-1.364","-0.879","81.6","8.9","17.69"
"660","RO","RO","Romania","2022","18519899","-1.087","-0.65","80.6","8.76","15.26"
"661","RS","RU","Russia","2019","142818379","-0.147","-0.315","8.7","10.3","13.45"
"662","RS","RU","Russia","2020","142588206","-0.176","-0.346","8.7","9.99","13.45"
"663","RS","RU","Russia","2021","142320790","-0.199","-0.369","8.7","9.71","13.4"
"664","RS","RU","Russia","2022","142021981","-0.221","-0.391","8.7","9.45","13.36"
"665","RW","RW","Rwanda","2019","12458371","2.146","2.262","505","28.77","6.15"
"666","RW","RW","Rwanda","2020","12709485","1.848","2.181","515.2","27.88","6.07"
"667","RW","RW","Rwanda","2021","12943132","1.795","2.123","524.7","27.18","5.95"
"668","RW","RW","Rwanda","2022","13173730","1.737","2.058","534","26.44","5.86"
"669","TB","BL","Saint Barthelemy","2019","7149","-0.28","0.084","286","9.23","8.39"
"670","TB","BL","Saint Barthelemy","2020","7131","-0.224","0.071","285.2","9.26","8.55"
"671","TB","BL","Saint Barthelemy","2021","7116","-0.197","0.042","284.6","9.27","8.85"
"672","TB","BL","Saint Barthelemy","2022","7103","-0.155","0.028","284.1","9.29","9.01"
"673","SH","SH","Saint Helena, Ascension, and Tristan da Cunha","2019","7890","0.177","0.178","20","9.51","7.73"
"674","SH","SH","Saint Helena, Ascension, and Tristan da Cunha","2020","7903","0.164","0.164","20.1","9.49","7.85"
"675","SH","SH","Saint Helena, Ascension, and Tristan da Cunha","2021","7915","0.139","0.139","20.1","9.35","7.96"
"676","SH","SH","Saint Helena, Ascension, and Tristan da Cunha","2022","7925","0.126","0.126","20.1","9.34","8.08"
"677","SC","KN","Saint Kitts and Nevis","2019","53438","0.687","0.569","204.7","12.84","7.15"
"678","SC","KN","Saint Kitts and Nevis","2020","53799","0.66","0.543","206.1","12.62","7.19"
"679","SC","KN","Saint Kitts and Nevis","2021","54149","0.635","0.519","207.5","12.43","7.24"
"680","SC","KN","Saint Kitts and Nevis","2022","54488","0.613","0.497","208.8","12.24","7.27"
"681","ST","LC","Saint Lucia","2019","165634","0.309","0.501","273.3","12.78","7.77"
"682","ST","LC","Saint Lucia","2020","166141","0.302","0.465","274.2","12.52","7.87"
"683","ST","LC","Saint Lucia","2021","166637","0.295","0.431","275","12.27","7.96"
"684","ST","LC","Saint Lucia","2022","167122","0.287","0.395","275.8","12.02","8.07"
"685","RN","MF","Saint Martin","2019","32427","0.429","1.011","600.5","14.52","4.41"
"686","RN","MF","Saint Martin","2020","32560","0.387","0.986","603","14.37","4.51"
"687","RN","MF","Saint Martin","2021","32680","0.355","0.964","605.2","14.2","4.56"
"688","RN","MF","Saint Martin","2022","32792","0.332","0.945","607.3","14.09","4.64"
"689","SB","PM","Saint Pierre and Miquelon","2019","5447","-1.157","-0.386","22.5","6.79","10.65"
"690","SB","PM","Saint Pierre and Miquelon","2020","5384","-1.17","-0.408","22.2","6.69","10.77"
"691","SB","PM","Saint Pierre and Miquelon","2021","5321","-1.203","-0.451","22","6.58","11.09"
"692","SB","PM","Saint Pierre and Miquelon","2022","5257","-1.198","-0.475","21.7","6.47","11.22"
"693","VC","VC","Saint Vincent and the Grenadines","2019","101537","-0.206","0.549","261","12.79","7.3"
"694","VC","VC","Saint Vincent and the Grenadines","2020","101334","-0.193","0.524","260.5","12.6","7.36"
"695","VC","VC","Saint Vincent and the Grenadines","2021","101145","-0.181","0.502","260","12.44","7.42"
"696","VC","VC","Saint Vincent and the Grenadines","2022","100969","-0.168","0.478","259.6","12.27","7.49"
"697","WS","WS","Samoa","2019","202450","0.598","1.445","71.8","19.79","5.34"
"698","WS","WS","Samoa","2020","203662","0.596","1.41","72.2","19.46","5.36"
"699","WS","WS","Samoa","2021","204898","0.613","1.396","72.6","19.32","5.36"
"700","WS","WS","Samoa","2022","206179","0.633","1.384","73.1","19.21","5.37"
"701","SM","SM","San Marino","2019","34019","0.685","-0.006","557.7","8.7","8.76"
"702","SM","SM","San Marino","2020","34247","0.654","-0.009","561.4","8.73","8.82"
"703","SM","SM","San Marino","2021","34467","0.63","-0.009","565","8.76","8.85"
"704","SM","SM","San Marino","2022","34682","0.614","0.003","568.6","8.85","8.82"
"705","TP","ST","Sao Tome and Principe","2019","207469","1.589","2.396","215.2","30.6","6.64"
"706","TP","ST","Sao Tome and Principe","2020","210728","1.528","2.323","218.6","29.71","6.48"
"707","TP","ST","Sao Tome and Principe","2021","213948","1.504","2.261","221.9","28.94","6.33"
"708","TP","ST","Sao Tome and Principe","2022","217164","1.48","2.199","225.3","28.19","6.2"
"709","SA","SA","Saudi Arabia","2019","33670051","1.638","1.208","15.7","15.4","3.32"
"710","SA","SA","Saudi Arabia","2020","34223743","1.624","1.161","15.9","14.97","3.36"
"711","SA","SA","Saudi Arabia","2021","34783757","1.622","1.117","16.2","14.56","3.39"
"712","SA","SA","Saudi Arabia","2022","35354380","1.632","1.08","16.4","14.22","3.42"
"713","SG","SN","Senegal","2019","16549615","2.749","2.839","86","33.77","5.38"
"714","SG","SN","Senegal","2020","17005241","2.683","2.764","88.3","32.91","5.27"
"715","SG","SN","Senegal","2021","17462980","2.63","2.703","90.7","32.2","5.17"
"716","SG","SN","Senegal","2022","17923036","2.572","2.643","93.1","31.51","5.08"
"717","RI","RS","Serbia","2019","6902768","-0.537","-0.537","89.1","9.33","14.7"
"718","RI","RS","Serbia","2020","6856660","-0.804","-0.804","88.5","9","17.04"
"719","RI","RS","Serbia","2021","6796857","-0.948","-0.948","87.7","8.96","18.44"
"720","RI","RS","Serbia","2022","6739471","-0.747","-0.747","87","8.92","16.39"
"721","SE","SC","Seychelles","2019","95038","0.737","0.64","208.9","13.22","6.82"
"722","SE","SC","Seychelles","2020","95726","0.705","0.609","210.4","12.9","6.81"
"723","SE","SC","Seychelles","2021","96387","0.67","0.58","211.8","12.63","6.83"
"724","SE","SC","Seychelles","2022","97017","0.635","0.549","213.2","12.37","6.88"
"725","SL","SL","Sierra Leone","2019","8035721","2.753","2.443","112.2","34.43","10"
"726","SL","SL","Sierra Leone","2020","8256139","2.66","2.388","115.3","33.59","9.71"
"727","SL","SL","Sierra Leone","2021","8475149","2.577","2.34","118.3","32.91","9.51"
"728","SL","SL","Sierra Leone","2022","8692606","2.491","2.288","121.4","32.2","9.32"
"729","SN","SG","Singapore","2019","5753597","0.994","0.559","8115.1","9.37","3.78"
"730","SN","SG","Singapore","2020","5810285","0.967","0.537","8195","9.21","3.84"
"731","SN","SG","Singapore","2021","5866139","0.946","0.52","8273.8","9.13","3.93"
"732","SN","SG","Singapore","2022","5921231","0.923","0.501","8351.5","9.05","4.04"
"733","NN","SX","Sint Maarten","2019","43408","1.357","0.751","1276.7","12.97","5.46"
"734","NN","SX","Sint Maarten","2020","43991","1.312","0.714","1293.9","12.89","5.75"
"735","NN","SX","Sint Maarten","2021","44564","1.275","0.685","1310.7","12.75","5.9"
"736","NN","SX","Sint Maarten","2022","45126","1.232","0.649","1327.2","12.56","6.07"
"737","LO","SK","Slovakia","2019","5442524","-0.041","-0.057","113.1","9.42","9.99"
"738","LO","SK","Slovakia","2020","5439808","-0.059","-0.079","113.1","9.26","10.05"
"739","LO","SK","Slovakia","2021","5436066","-0.078","-0.098","113","9.1","10.08"
"740","LO","SK","Slovakia","2022","5431252","-0.099","-0.119","112.9","8.94","10.13"
"741","SI","SI","Slovenia","2019","2102381","0.01","-0.119","104.3","8.94","10.13"
"742","SI","SI","Slovenia","2020","2102452","-0.003","-0.157","104.3","8.71","10.28"
"743","SI","SI","Slovenia","2021","2102106","-0.03","-0.184","104.3","8.5","10.34"
"744","SI","SI","Slovenia","2022","2101208","-0.055","-0.21","104.3","8.3","10.4"
"745","BP","SB","Solomon Islands","2019","666359","1.826","1.989","23.8","23.88","3.99"
"746","BP","SB","Solomon Islands","2020","678494","1.784","1.944","24.2","23.43","3.99"
"747","BP","SB","Solomon Islands","2021","690598","1.753","1.91","24.7","23.07","3.97"
"748","BP","SB","Solomon Islands","2022","702694","1.72","1.875","25.1","22.71","3.96"
"749","SO","SO","Somalia","2019","11557634","2.191","2.66","18.4","38.84","12.24"
"750","SO","SO","Somalia","2020","11818529","2.272","2.654","18.8","38.56","12.02"
"751","SO","SO","Somalia","2021","12094640","2.346","2.643","19.3","38.25","11.82"
"752","SO","SO","Somalia","2022","12386248","2.418","2.636","19.7","37.98","11.62"
"753","SF","ZA","South Africa","2019","55891953","0.966","1.023","46","19.54","9.31"
"754","SF","ZA","South Africa","2020","56434963","0.968","0.992","46.5","19.21","9.29"
"755","SF","ZA","South Africa","2021","56978635","0.95","0.962","46.9","18.89","9.27"
"756","SF","ZA","South Africa","2022","57516665","0.93","0.93","47.4","18.56","9.26"
"757","OD","SS","South Sudan","2019","10280050","2.627","2.606","16","39.29","13.23"
"758","OD","SS","South Sudan","2020","10560984","2.763","2.743","16.4","38.78","11.35"
"759","OD","SS","South Sudan","2021","10984074","5.047","2.842","17","38.26","9.84"
"760","OD","SS","South Sudan","2022","11544905","4.914","2.817","17.9","37.69","9.52"
"761","SP","ES","Spain","2019","46812053","0.846","-0.124","93.8","7.7","8.94"
"762","SP","ES","Spain","2020","47041387","0.133","-0.327","94.3","7.21","10.48"
"763","SP","ES","Spain","2021","47103121","0.129","-0.318","94.4","7.16","10.34"
"764","SP","ES","Spain","2022","47163418","0.126","-0.309","94.5","7.13","10.22"
"765","CE","LK","Sri Lanka","2019","22741278","0.695","0.823","351.9","14.56","6.33"
"766","CE","LK","Sri Lanka","2020","22895756","0.659","0.785","354.3","14.25","6.4"
"767","CE","LK","Sri Lanka","2021","23044123","0.633","0.756","356.6","14.01","6.45"
"768","CE","LK","Sri Lanka","2022","23187516","0.608","0.731","358.8","13.8","6.49"
"769","SU","SD","Sudan","2019","44337528","2.687","2.732","23.8","33.99","6.67"
"770","SU","SD","Sudan","2020","45544096","2.683","2.726","24.5","33.8","6.54"
"771","SU","SD","Sudan","2021","46751152","2.55","2.722","25.1","33.63","6.41"
"772","SU","SD","Sudan","2022","47958856","2.55","2.717","25.8","33.47","6.3"
"773","NS","SR","Suriname","2019","610507","1.274","1.011","3.9","16.59","6.48"
"774","NS","SR","Suriname","2020","618093","1.196","0.936","4","15.87","6.51"
"775","NS","SR","Suriname","2021","625420","1.161","0.905","4","15.59","6.54"
"776","NS","SR","Suriname","2022","632638","1.134","0.879","4.1","15.38","6.59"
"777","SW","SE","Sweden","2019","10311555","0.909","0.249","25.1","11.1","8.61"
"778","SW","SE","Sweden","2020","10382678","0.467","0.143","25.3","10.88","9.45"
"779","SW","SE","Sweden","2021","10432235","0.485","0.144","25.4","10.88","9.44"
"780","SW","SE","Sweden","2022","10483647","0.498","0.137","25.5","10.83","9.46"
"781","SZ","CH","Switzerland","2019","8343256","0.665","0.203","208.6","10.48","8.45"
"782","SZ","CH","Switzerland","2020","8398489","0.655","0.196","210","10.45","8.49"
"783","SZ","CH","Switzerland","2021","8453550","0.652","0.197","211.4","10.41","8.44"
"784","SZ","CH","Switzerland","2022","8508698","0.648","0.196","212.7","10.36","8.4"
"785","SY","SY","Syria","2019","18584688","3.857","1.974","100","24.36","4.62"
"786","SY","SY","Syria","2020","19392460","4.634","1.927","104.3","23.77","4.5"
"787","SY","SY","Syria","2021","20384316","5.323","1.889","109.7","23.25","4.36"
"788","SY","SY","Syria","2022","21563800","5.908","1.85","116","22.72","4.22"
"789","TW","TW","Taiwan","2019","23553634","0.041","-0.013","730.1","7.51","7.64"
"790","TW","TW","Taiwan","2020","23563036","0.039","-0.025","730.4","7.47","7.72"
"791","TW","TW","Taiwan","2021","23572052","0.038","-0.037","730.7","7.43","7.8"
"792","TW","TW","Taiwan","2022","23580712","0.036","-0.05","731","7.39","7.89"
"793","TI","TJ","Tajikistan","2019","8727934","1.529","1.636","61.7","22.28","5.92"
"794","TI","TJ","Tajikistan","2020","8860396","1.484","1.591","62.6","21.75","5.84"
"795","TI","TJ","Tajikistan","2021","8990874","1.44","1.544","63.5","21.22","5.78"
"796","TI","TJ","Tajikistan","2022","9119347","1.398","1.501","64.4","20.73","5.72"
"797","TZ","TZ","Tanzania","2019","58659971","2.881","2.931","66.2","34.81","5.5"
"798","TZ","TZ","Tanzania","2020","60362612","2.841","2.888","68.1","34.13","5.25"
"799","TZ","TZ","Tanzania","2021","62092761","2.811","2.854","70.1","33.71","5.17"
"800","TZ","TZ","Tanzania","2022","63852892","2.78","2.821","72.1","33.3","5.09"
"801","TH","TH","Thailand","2019","69082954","0.317","0.303","135.2","10.5","7.47"
"802","TH","TH","Thailand","2020","69291926","0.287","0.282","135.6","10.38","7.56"
"803","TH","TH","Thailand","2021","69480520","0.256","0.259","136","10.25","7.66"
"804","TH","TH","Thailand","2022","69648117","0.226","0.238","136.3","10.14","7.76"
"805","TT","TL","Timor-Leste","2019","1352065","2.276","2.66","90.9","32.42","5.82"
"806","TT","TL","Timor-Leste","2020","1382948","2.241","2.626","93","32","5.74"
"807","TT","TL","Timor-Leste","2021","1413958","2.194","2.578","95.1","31.45","5.67"
"808","TT","TL","Timor-Leste","2022","1445006","2.15","2.533","97.1","30.94","5.61"
"809","TO","TG","Togo","2019","7872308","2.578","2.774","144.8","33.38","5.64"
"810","TO","TG","Togo","2020","8076517","2.544","2.734","148.5","32.85","5.51"
"811","TO","TG","Togo","2021","8283189","2.51","2.695","152.3","32.34","5.39"
"812","TO","TG","Togo","2022","8492333","2.478","2.659","156.2","31.86","5.27"
"813","TN","TO","Tonga","2019","106198","-0.154","1.635","148.1","21.27","4.92"
"814","TN","TO","Tonga","2020","106010","-0.202","1.591","147.9","20.86","4.95"
"815","TN","TO","Tonga","2021","105780","-0.232","1.565","147.5","20.6","4.95"
"816","TN","TO","Tonga","2022","105517","-0.264","1.536","147.2","20.31","4.95"
"817","TD","TT","Trinidad and Tobago","2019","1405423","-0.871","0.341","274.1","11.48","8.07"
"818","TD","TT","Trinidad and Tobago","2020","1400824","0.218","0.298","273.2","11.19","8.21"
"819","TD","TT","Trinidad and Tobago","2021","1403505","0.165","0.269","273.7","10.98","8.29"
"820","TD","TT","Trinidad and Tobago","2022","1405646","0.14","0.241","274.1","10.79","8.38"
"821","TS","TN","Tunisia","2019","11620878","0.88","1.027","74.8","16.6","6.33"
"822","TS","TN","Tunisia","2020","11719458","0.81","0.946","75.4","15.8","6.34"
"823","TS","TN","Tunisia","2021","11811335","0.752","0.886","76","15.21","6.35"
"824","TS","TN","Tunisia","2022","11896972","0.693","0.826","76.6","14.62","6.36"
"825","TU","TR","Turkey","2019","81628106","0.479","0.917","106.1","15.11","5.94"
"826","TU","TR","Turkey","2020","82009212","0.453","0.883","106.6","14.81","5.98"
"827","TU","TR","Turkey","2021","82482383","0.697","0.852","107.2","14.54","6.02"
"828","TU","TR","Turkey","2022","83047706","0.669","0.823","107.9","14.28","6.05"
"829","TX","TM","Turkmenistan","2019","5464588","1.071","1.247","11.6","18.45","5.98"
"830","TX","TM","Turkmenistan","2020","5522684","1.044","1.219","11.8","18.15","5.96"
"831","TX","TM","Turkmenistan","2021","5579889","1.017","1.19","11.9","17.85","5.95"
"832","TX","TM","Turkmenistan","2022","5636011","0.985","1.156","12","17.51","5.95"
"833","TK","TC","Turks and Caicos Islands","2019","54982","2.039","1.129","58","14.6","3.31"
"834","TK","TC","Turks and Caicos Islands","2020","56095","1.97","1.079","59.2","14.21","3.42"
"835","TK","TC","Turks and Caicos Islands","2021","57196","1.914","1.04","60.3","13.86","3.46"
"836","TK","TC","Turks and Caicos Islands","2022","58286","1.862","1.004","61.5","13.54","3.5"
"837","TV","TV","Tuvalu","2019","11252","0.871","1.528","432.8","23.55","8.27"
"838","TV","TV","Tuvalu","2020","11350","0.863","1.515","436.5","23.26","8.11"
"839","TV","TV","Tuvalu","2021","11448","0.847","1.493","440.3","22.97","8.04"
"840","TV","TV","Tuvalu","2022","11544","0.832","1.473","444","22.7","7.97"
"841","UG","UG","Uganda","2019","41830731","3.328","3.735","212.2","42.89","5.54"
"842","UG","UG","Uganda","2020","43249944","3.344","3.692","219.4","42.25","5.33"
"843","UG","UG","Uganda","2021","44712143","3.306","3.643","226.9","41.6","5.17"
"844","UG","UG","Uganda","2022","46205893","3.266","3.592","234.4","40.94","5.02"
"845","UP","UA","Ukraine","2019","43951400","0.011","-0.444","75.9","9.75","14.19"
"846","UP","UA","Ukraine","2020","43903662","-0.228","-0.456","75.8","9.49","14.05"
"847","UP","UA","Ukraine","2021","43745640","-0.493","-0.467","75.5","9.23","13.9"
"848","UP","UA","Ukraine","2022","43528136","-0.503","-0.477","75.1","9","13.77"
"849","AE","AE","United Arab Emirates","2019","9720156","0.782","0.953","116.3","10.94","1.41"
"850","AE","AE","United Arab Emirates","2020","9792173","0.694","0.948","117.1","10.94","1.46"
"851","AE","AE","United Arab Emirates","2021","9856612","0.618","0.936","117.9","10.87","1.51"
"852","AE","AE","United Arab Emirates","2022","9915803","0.58","0.925","118.6","10.81","1.56"
"853","UK","GB","United Kingdom","2019","66603767","0.646","0.177","275.3","10.7","8.93"
"854","UK","GB","United Kingdom","2020","67022855","0.609","0.177","277","10.74","8.97"
"855","UK","GB","United Kingdom","2021","67419123","0.57","0.175","278.7","10.77","9.02"
"856","UK","GB","United Kingdom","2022","67791400","0.531","0.172","280.2","10.79","9.07"
"857","US","US","United States","2019","328239523","0.48","0.29","35.9","11.6","8.6"
"858","US","US","United States","2020","332639102","0.71091","0.40673","36.4","12.3835","8.3162"
"859","US","US","United States","2021","334998398","0.70192","0.39874","36.6","12.3339","8.3465"
"860","US","US","United States","2022","337341954","0.69169","0.38954","36.9","12.2773","8.3818"
"861","UY","UY","Uruguay","2019","3380460","0.265","0.354","19.3","12.87","9.33"
"862","UY","UY","Uruguay","2020","3389361","0.261","0.349","19.4","12.8","9.31"
"863","UY","UY","Uruguay","2021","3398239","0.263","0.351","19.4","12.75","9.24"
"864","UY","UY","Uruguay","2022","3407213","0.265","0.353","19.5","12.71","9.18"
"865","UZ","UZ","Uzbekistan","2019","30305196","0.897","1.1","71.2","16.34","5.34"
"866","UZ","UZ","Uzbekistan","2020","30575754","0.88","1.074","71.9","16.12","5.38"
"867","UZ","UZ","Uzbekistan","2021","30842796","0.859","1.045","72.5","15.85","5.4"
"868","UZ","UZ","Uzbekistan","2022","31104937","0.834","1.012","73.1","15.53","5.41"
"869","NH","VU","Vanuatu","2019","292858","1.75","1.887","24","22.85","3.98"
"870","NH","VU","Vanuatu","2020","297953","1.7","1.834","24.4","22.3","3.96"
"871","NH","VU","Vanuatu","2021","303009","1.666","1.798","24.9","21.95","3.97"
"872","NH","VU","Vanuatu","2022","308043","1.63","1.759","25.3","21.57","3.98"
"873","VE","VE","Venezuela","2019","28663911","-1.051","1.078","32.5","18.16","7.38"
"874","VE","VE","Venezuela","2020","28612153","0.691","1.036","32.4","17.85","7.49"
"875","VE","VE","Venezuela","2021","29069153","2.464","1.042","33","17.55","7.13"
"876","VE","VE","Venezuela","2022","29789730","2.433","1.046","33.8","17.27","6.81"
"877","VM","VN","Vietnam","2019","100669666","1.086","1.111","324.7","16.85","5.74"
"878","VM","VN","Vietnam","2020","101745119","1.04","1.064","328.1","16.43","5.79"
"879","VM","VN","Vietnam","2021","102789598","1.003","1.026","331.5","16.04","5.78"
"880","VM","VN","Vietnam","2022","103808319","0.969","0.992","334.8","15.69","5.77"
"881","VI","VG","Virgin Islands, British","2019","36397","2.063","0.588","241","11.02","5.14"
"882","VI","VG","Virgin Islands, British","2020","37146","2.011","0.576","246","11.01","5.25"
"883","VI","VG","Virgin Islands, British","2021","37891","1.961","0.568","250.9","10.98","5.3"
"884","VI","VG","Virgin Islands, British","2022","38632","1.913","0.557","255.8","10.95","5.38"
"885","VQ","VI","Virgin Islands, U.S.","2019","106669","-0.335","0.413","306.5","12.28","8.15"
"886","VQ","VI","Virgin Islands, U.S.","2020","106290","-0.377","0.371","305.4","12.08","8.37"
"887","VQ","VI","Virgin Islands, U.S.","2021","105870","-0.416","0.326","304.2","11.84","8.58"
"888","VQ","VI","Virgin Islands, U.S.","2022","105413","-0.45","0.285","302.9","11.63","8.78"
"889","WF","WF","Wallis and Futuna","2019","15765","0.285","0.73","111","12.88","5.58"
"890","WF","WF","Wallis and Futuna","2020","15809","0.278","0.708","111.3","12.71","5.63"
"891","WF","WF","Wallis and Futuna","2021","15851","0.259","0.675","111.6","12.49","5.74"
"892","WF","WF","Wallis and Futuna","2022","15891","0.252","0.648","111.9","12.27","5.79"
"893","WE","XW","West Bank","2019","2847911","1.779","2.21","504.9","25.58","3.48"
"894","WE","XW","West Bank","2020","2898556","1.746","2.17","513.9","25.16","3.46"
"895","WE","XW","West Bank","2021","2949246","1.721","2.137","522.9","24.8","3.43"
"896","WE","XW","West Bank","2022","3000021","1.693","2.102","531.9","24.42","3.4"
"897","YM","YE","Yemen","2019","29216329","2.054","2.073","55.3","26.63","5.9"
"898","YM","YE","Yemen","2020","29810956","1.977","1.996","56.5","25.75","5.79"
"899","YM","YE","Yemen","2021","30399243","1.932","1.952","57.6","25.21","5.69"
"900","YM","YE","Yemen","2022","30984689","1.883","1.902","58.7","24.64","5.62"
"901","ZA","ZM","Zambia","2019","17978611","3.004","2.952","24.2","36","6.48"
"902","ZA","ZM","Zambia","2020","18523385","2.966","2.924","24.9","35.59","6.35"
"903","ZA","ZM","Zambia","2021","19077816","2.932","2.899","25.7","35.23","6.24"
"904","ZA","ZM","Zambia","2022","19642123","2.898","2.874","26.4","34.86","6.12"
"905","ZI","ZW","Zimbabwe","2019","14277179","1.806","2.419","36.9","33.8","9.61"
"906","ZI","ZW","Zimbabwe","2020","14546146","1.926","2.428","37.6","33.57","9.29"
"907","ZI","ZW","Zimbabwe","2021","14829988","1.939","2.432","38.3","33.34","9.02"
"908","ZI","ZW","Zimbabwe","2022","15121004","1.947","2.431","39.1","33.07","8.76"